https://townwork.net/detail/clc_3682954001/,"RESTA,アルバイト,バイト,パート,求人,仕事,求人情報,タウンワーク"
https://townwork.net/detail/clc_2117439001/,"和楽惣,アルバイト,バイト,パート,求人,仕事,求人情報,タウンワーク"
https://townwork.net/detail/clc_3632760001/,"RoLL,アルバイト,バイト,パート,求人,仕事,求人情報,タウンワーク"
https://townwork.net/detail/clc_1782305002/,"玄海食堂　温や,アルバイト,バイト,パート,求人,仕事,求人情報,タウンワーク"
https://townwork.net/detail/clc_3340838002/,"やまじん福岡渡辺通り店,アルバイト,バイト,パート,求人,仕事,求人情報,タウンワーク"
https://townwork.net/detail/clc_0048024003/joid_47877200/,"菊池運輸　株式会社　東京営業所,アルバイト,バイト,パート,求人,仕事,求人情報,タウンワーク"
https://townwork.net/detail/clc_1555931109/joid_47876991/,"ＵＴエイム株式会社　◆広告No.ＴＰ07054,アルバイト,バイト,パート,求人,仕事,求人情報,タウンワーク"
https://townwork.net/detail/clc_0482114063/joid_47876856/,"大和ライフネクスト株式会社　＜大和ハウスグループ＞,アルバイト,バイト,パート,求人,仕事,求人情報,タウンワーク"
https://townwork.net/detail/clc_3177237001/joid_47876852/,"セブンイレブン　カレッタ汐留2店舗合同募集,アルバイト,バイト,パート,求人,仕事,求人情報,タウンワーク"
https://townwork.net/detail/clc_0094609001/joid_47876801/,"新成企業株式会社　蓮田営業所,アルバイト,バイト,パート,求人,仕事,求人情報,タウンワーク"
https://townwork.net/detail/clc_1886768005/joid_47876775/,"FIRE HOUSE/株式会社ファイヤーハウス,アルバイト,バイト,パート,求人,仕事,求人情報,タウンワーク"
https://townwork.net/detail/clc_2049793001/joid_47876763/,"株式会社成鳳　大阪支社,アルバイト,バイト,パート,求人,仕事,求人情報,タウンワーク"
https://townwork.net/detail/clc_1539839001/joid_47876758/,"日比谷歯科医院,アルバイト,バイト,パート,求人,仕事,求人情報,タウンワーク"
https://townwork.net/detail/clc_0048024001/joid_47876744/,"菊池運輸　株式会社　豊橋営業所,アルバイト,バイト,パート,求人,仕事,求人情報,タウンワーク"
https://townwork.net/detail/clc_0182913002/joid_47876681/,"株式会社マグトロニクス,アルバイト,バイト,パート,求人,仕事,求人情報,タウンワーク"
https://townwork.net/detail/clc_0214661621/joid_47876676/,"明治安田生命保険相互会社丸の内支社　丸の内営業部,アルバイト,バイト,パート,求人,仕事,求人情報,タウンワーク"
https://townwork.net/detail/clc_1245799002/joid_47876666/,"三求化学工業株式会社,アルバイト,バイト,パート,求人,仕事,求人情報,タウンワーク"
https://townwork.net/detail/clc_3682954001/,"RESTA,アルバイト,バイト,パート,求人,仕事,求人情報,タウンワーク"
https://townwork.net/detail/clc_2117439001/,"和楽惣,アルバイト,バイト,パート,求人,仕事,求人情報,タウンワーク"
https://townwork.net/detail/clc_3632760001/,"RoLL,アルバイト,バイト,パート,求人,仕事,求人情報,タウンワーク"
https://townwork.net/detail/clc_1782305002/,"玄海食堂　温や,アルバイト,バイト,パート,求人,仕事,求人情報,タウンワーク"
https://townwork.net/detail/clc_3340838002/,"やまじん福岡渡辺通り店,アルバイト,バイト,パート,求人,仕事,求人情報,タウンワーク"
https://townwork.net/detail/clc_0048024003/joid_47877200/,"菊池運輸　株式会社　東京営業所,アルバイト,バイト,パート,求人,仕事,求人情報,タウンワーク"
https://townwork.net/detail/clc_1555931109/joid_47876991/,"ＵＴエイム株式会社　◆広告No.ＴＰ07054,アルバイト,バイト,パート,求人,仕事,求人情報,タウンワーク"
https://townwork.net/detail/clc_0482114063/joid_47876856/,"大和ライフネクスト株式会社　＜大和ハウスグループ＞,アルバイト,バイト,パート,求人,仕事,求人情報,タウンワーク"
https://townwork.net/detail/clc_3177237001/joid_47876852/,"セブンイレブン　カレッタ汐留2店舗合同募集,アルバイト,バイト,パート,求人,仕事,求人情報,タウンワーク"
https://townwork.net/detail/clc_0094609001/joid_47876801/,"新成企業株式会社　蓮田営業所,アルバイト,バイト,パート,求人,仕事,求人情報,タウンワーク"
